District,Results
Benton Community School Corporation,Unavailable
Blackford County Schools,Chris Landis
Blackford County Schools,John Simmons
Blackford County Schools,Phil Jones
Blackford County Schools,Mark Townsend
Blackford County Schools,John Payne
Brown County School Corporation,Unavailable
Clay Community Schools,Unavailable
Crawford County Community School Corporation,Dennis Talley
Crawford County Community School Corporation,Shawn Scott
Crawford County Community School Corporation,Traci Kerns
Crawford County Community School Corporation,Kelly Hammond
Crawford County Community School Corporation,Bill Harris
Crawford County Community School Corporation,Danny Mitchell
Crawford County Community School Corporation,Myrna Sanders
Evansville Vanderburgh School Corporation (Vanderburgh County),Unavailable
Fayette County School Corporation,Ralph Burchett
Fayette County School Corporation,Warren Taylor
Fayette County School Corporation,Lori Savoy
Fayette County School Corporation,Ron Spurlock
Fayette County School Corporation,Carl Hylton
Fayette County School Corporation,Dave Jones
Fayette County School Corporation,Chris Hunt
New Albany-Floyd County Consolidated School Corporation (Floyd County),Unavailable
Huntington County Community School Corporation,Unavailable
Jay School Corporation,Unavailable
Jennings County Schools,Steve Elmore
Jennings County Schools,Pat Sullivan
Jennings County Schools,Glorianna Pieratt-Robbins
Jennings County Schools,Ron Bloemer
Jennings County Schools,Tony Daeger
Jennings County Schools,Travis Sheperd
Jennings County Schools,Susan Taylor
Pike County School Corporation,Nathan Harker
Pike County School Corporation,Chris Satterfield
Pike County School Corporation,Chris McKinney
Pike County School Corporation,David Waltz
Pike County School Corporation,Jerry Grubb
Rising Sun-Ohio County Community School Corporation,Unavailable
Rush County Schools,Unavailable
Spencer-Owen Community Schools (Owen County),Tom Abrell
Spencer-Owen Community Schools (Owen County),Kevin Cooper
Spencer-Owen Community Schools (Owen County),Brian Mauder
Spencer-Owen Community Schools (Owen County),Larry Hight
Spencer-Owen Community Schools (Owen County),Sonia Brinson
Spencer-Owen Community Schools (Owen County),Rick Smeltzer
Spencer-Owen Community Schools (Owen County),Jack White
Switzerland County School Corporation,Unavailable
Union County/College Corner Joint School District,Grace Atkins
Union County/College Corner Joint School District,Mary Eversole
Union County/College Corner Joint School District,Doug Gardner
Union County/College Corner Joint School District,Darrell Harvey
Union County/College Corner Joint School District,David Hofmann
Union County/College Corner Joint School District,Jessica Jones
Union County/College Corner Joint School District,Susan Kirkpatrick
Union County/College Corner Joint School District,Matt Snyder
Union County/College Corner Joint School District,Michael Sims
Vigo County School Corporation,Unavailable
Metropolitan School District of Warren County,Dwain Akers
Metropolitan School District of Warren County,Sharon Grady
Metropolitan School District of Warren County,Gary Greenwood
Metropolitan School District of Warren County,John Hegg
Metropolitan School District of Warren County,Steve Magner
Warrick County School Corporation,Gary Hachmeister
Warrick County School Corporation,Dorothy Kroeger
Warrick County School Corporation,Candace Nance
Warrick County School Corporation,Jim Eifler
Warrick County School Corporation,Brenda Metzger
Warrick County School Corporation,Benjamin Stilwell
Warrick County School Corporation,Thomas Welch
Warrick County School Corporation,Mark Neff